{
  "window": [
    12.0,
    32.0
  ],
  "Rcurl_mean": 2.8536976715312684e-15,
  "tau_frac_mean": 0.47705659138912354,
  "radiality_err_mean": 0.25258569519510865
}