ra,dec,z_cl
210.2595833333333,2.88,0.2528
213.80916666666664,-0.5011111111111111,0.1403
213.96499999999995,0.2588888888888889,0.1259
217.24666666666664,1.7544444444444445,0.32
