set,gt_mean_0p5_1p8
Focus,-0.004320940638844067
Control,0.024640424966826068
Random,-0.0011716691706716088
Rotated,-0.0024085781163423335
